{"cameraMode":{"drawMode":0,"name":"Shaded","section":"Shading Mode"},"sceneLighting":false,"audioPlay":false,"sceneViewState":{"showFog":false,"showMaterialUpdate":false,"showSkybox":false,"showFlares":false,"showImageEffects":false,"showParticleSystems":false},"in2DMode":false,"pivot":{"x":-0.014847427606582642,"y":0.02328084409236908,"z":-1.2380000352859498},"rotation":{"x":-0.021519945934414865,"y":0.46483078598976138,"z":-0.01130172424018383,"w":-0.8850690126419067},"size":0.3858875632286072,"orthographic":false}