{"cameraMode":{"drawMode":0,"name":"Shaded","section":"Shading Mode"},"sceneLighting":false,"audioPlay":false,"sceneViewState":{"showFog":false,"showMaterialUpdate":false,"showSkybox":false,"showFlares":false,"showImageEffects":false,"showParticleSystems":false},"in2DMode":false,"pivot":{"x":-0.12115645408630371,"y":0.08702275156974793,"z":-0.07636117935180664},"rotation":{"x":0.7799000144004822,"y":-0.07534408569335938,"z":-0.6139569282531738,"w":-0.09570489078760147},"size":0.3124355673789978,"orthographic":false}