{"cameraMode":{"drawMode":0,"name":"Shaded","section":"Shading Mode"},"sceneLighting":false,"audioPlay":false,"sceneViewState":{"showFog":false,"showMaterialUpdate":false,"showSkybox":false,"showFlares":false,"showImageEffects":false,"showParticleSystems":false},"in2DMode":false,"pivot":{"x":-15.835992813110352,"y":-7.624530792236328,"z":-11.447010040283204},"rotation":{"x":-0.5119955539703369,"y":-0.11851876229047775,"z":0.0715809091925621,"w":-0.8477640748023987},"size":0.8660253882408142,"orthographic":false}