{"cameraMode":{"drawMode":0,"name":"Shaded","section":"Shading Mode"},"sceneLighting":false,"audioPlay":false,"sceneViewState":{"showFog":false,"showMaterialUpdate":false,"showSkybox":false,"showFlares":false,"showImageEffects":false,"showParticleSystems":false},"in2DMode":false,"pivot":{"x":-8.194286346435547,"y":2.2667603492736818,"z":-1.4451019763946534},"rotation":{"x":0.05220060050487518,"y":0.7377876043319702,"z":0.057435281574726108,"w":-0.6705597639083862},"size":5.603458404541016,"orthographic":false}